--------------------------------------------------------
-- Archivo creado  - viernes-junio-19-2020   
--------------------------------------------------------
--------------------------------------------------------
--  DDL for Table BANCO
--------------------------------------------------------

  CREATE TABLE "BANCO" 
   (	"CODBANCO" NUMBER(2,0), 
	"DESCRIPCION" VARCHAR2(30 BYTE)
   ) ;
--------------------------------------------------------
--  DDL for Table BOLETA
--------------------------------------------------------

  CREATE TABLE "BOLETA" 
   (	"NUMBOLETA" NUMBER(7,0), 
	"RUTCLIENTE" VARCHAR2(10 BYTE), 
	"RUTVENDEDOR" VARCHAR2(10 BYTE), 
	"FECHA" DATE, 
	"TOTAL" NUMBER(7,0), 
	"CODPAGO" NUMBER(2,0), 
	"CODBANCO" NUMBER(2,0), 
	"NUM_DOCTO_PAGO" VARCHAR2(30 BYTE), 
	"ESTADO" VARCHAR2(2 BYTE)
   ) ;
--------------------------------------------------------
--  DDL for Table CIUDAD
--------------------------------------------------------

  CREATE TABLE "CIUDAD" 
   (	"CODCIUDAD" NUMBER(2,0), 
	"DESCRIPCION" VARCHAR2(30 BYTE)
   ) ;
--------------------------------------------------------
--  DDL for Table CLIENTE
--------------------------------------------------------

  CREATE TABLE "CLIENTE" 
   (	"RUTCLIENTE" VARCHAR2(10 BYTE), 
	"NOMBRE" VARCHAR2(30 BYTE), 
	"DIRECCION" VARCHAR2(30 BYTE), 
	"CODCOMUNA" NUMBER(2,0), 
	"TELEFONO" NUMBER(10,0), 
	"ESTADO" VARCHAR2(1 BYTE), 
	"MAIL" VARCHAR2(50 BYTE), 
	"CREDITO" NUMBER(7,0), 
	"SALDO" NUMBER(7,0)
   ) ;
--------------------------------------------------------
--  DDL for Table COMUNA
--------------------------------------------------------

  CREATE TABLE "COMUNA" 
   (	"CODCOMUNA" NUMBER(2,0), 
	"DESCRIPCION" VARCHAR2(30 BYTE), 
	"CODCIUDAD" NUMBER(2,0)
   ) ;
--------------------------------------------------------
--  DDL for Table DETALLE_BOLETA
--------------------------------------------------------

  CREATE TABLE "DETALLE_BOLETA" 
   (	"NUMBOLETA" NUMBER(7,0), 
	"CODPRODUCTO" NUMBER(3,0), 
	"VUNITARIO" NUMBER(8,0), 
	"CODPROMOCION" NUMBER(4,0), 
	"DESCRI_PROM" VARCHAR2(60 BYTE), 
	"DESCUENTO" NUMBER(8,0), 
	"CANTIDAD" NUMBER(5,0), 
	"TOTALLINEA" NUMBER(8,0)
   ) ;
--------------------------------------------------------
--  DDL for Table DETALLE_FACTURA
--------------------------------------------------------

  CREATE TABLE "DETALLE_FACTURA" 
   (	"NUMFACTURA" NUMBER(7,0), 
	"CODPRODUCTO" NUMBER(3,0), 
	"VUNITARIO" NUMBER(8,0), 
	"CODPROMOCION" NUMBER(4,0), 
	"DESCRI_PROM" VARCHAR2(60 BYTE), 
	"DESCUENTO" NUMBER(8,0), 
	"CANTIDAD" NUMBER(5,0), 
	"TOTALLINEA" NUMBER(8,0)
   ) ;
--------------------------------------------------------
--  DDL for Table ERRORES_DESARROLLO
--------------------------------------------------------

  CREATE TABLE "ERRORES_DESARROLLO" 
   (	"SEC_ERROR" NUMBER(8,0), 
	"SUBPROGRAMA" VARCHAR2(100 BYTE), 
	"MENSAJE" VARCHAR2(255 BYTE), 
	"FECHA_HORA" DATE
   ) ;
--------------------------------------------------------
--  DDL for Table FACTURA
--------------------------------------------------------

  CREATE TABLE "FACTURA" 
   (	"NUMFACTURA" NUMBER(7,0), 
	"RUTCLIENTE" VARCHAR2(10 BYTE), 
	"RUTVENDEDOR" VARCHAR2(10 BYTE), 
	"FECHA" DATE, 
	"F_VENCIMIENTO" DATE, 
	"NETO" NUMBER(7,0), 
	"IVA" NUMBER(7,0), 
	"TOTAL" NUMBER(7,0), 
	"CODBANCO" NUMBER(2,0), 
	"CODPAGO" NUMBER(2,0), 
	"NUM_DOCTO_PAGO" VARCHAR2(30 BYTE), 
	"ESTADO" VARCHAR2(2 BYTE)
   ) ;
--------------------------------------------------------
--  DDL for Table FORMA_PAGO
--------------------------------------------------------

  CREATE TABLE "FORMA_PAGO" 
   (	"CODPAGO" NUMBER(2,0), 
	"DESCRIPCION" VARCHAR2(30 BYTE)
   ) ;
--------------------------------------------------------
--  DDL for Table PAIS
--------------------------------------------------------

  CREATE TABLE "PAIS" 
   (	"CODPAIS" NUMBER(2,0), 
	"NOMPAIS" VARCHAR2(30 BYTE)
   ) ;
--------------------------------------------------------
--  DDL for Table PRODUCTO
--------------------------------------------------------

  CREATE TABLE "PRODUCTO" 
   (	"CODPRODUCTO" NUMBER(3,0), 
	"DESCRIPCION" VARCHAR2(40 BYTE), 
	"CODUNIDAD" VARCHAR2(2 BYTE), 
	"CODCATEGORIA" VARCHAR2(1 BYTE), 
	"VUNITARIO" NUMBER(8,0), 
	"VALORCOMPRAPESO" NUMBER(8,0), 
	"VALORCOMPRADOLAR" NUMBER(8,2), 
	"TOTALSTOCK" NUMBER(5,0), 
	"STKSEGURIDAD" NUMBER(5,0), 
	"PROCEDENCIA" VARCHAR2(1 BYTE), 
	"CODPAIS" NUMBER(2,0), 
	"CODPRODUCTO_REL" NUMBER(3,0)
   ) ;
--------------------------------------------------------
--  DDL for Table TRAMO_ANTIGUEDAD
--------------------------------------------------------

  CREATE TABLE "TRAMO_ANTIGUEDAD" 
   (	"SEC_ANNOS_CONTRATADO" NUMBER(2,0), 
	"ANNOS_CONT_INF" NUMBER(2,0), 
	"ANNOS_CONT_SUP" NUMBER(2,0), 
	"PORCENTAJE" NUMBER(2,0)
   ) ;
--------------------------------------------------------
--  DDL for Table TRAMO_ESCOLARIDAD
--------------------------------------------------------

  CREATE TABLE "TRAMO_ESCOLARIDAD" 
   (	"ID_ESCOLARIDAD" NUMBER(2,0), 
	"SIGLA_ESCOLARIDAD" VARCHAR2(5 BYTE), 
	"DESC_ESCOLARIDAD" VARCHAR2(50 BYTE), 
	"PORC_ASIG_ESCOLARIDAD" NUMBER(2,0)
   ) ;
--------------------------------------------------------
--  DDL for Table UNIDAD_MEDIDA
--------------------------------------------------------

  CREATE TABLE "UNIDAD_MEDIDA" 
   (	"CODUNIDAD" VARCHAR2(2 BYTE), 
	"DESCRIPCION" VARCHAR2(30 BYTE)
   ) ;
--------------------------------------------------------
--  DDL for Table VENDEDOR
--------------------------------------------------------

  CREATE TABLE "VENDEDOR" 
   (	"ID" NUMBER(2,0), 
	"RUTVENDEDOR" VARCHAR2(10 BYTE), 
	"NOMBRE" VARCHAR2(30 BYTE), 
	"DIRECCION" VARCHAR2(30 BYTE), 
	"CODCOMUNA" NUMBER(2,0), 
	"TELEFONO" NUMBER(10,0), 
	"MAIL" VARCHAR2(50 BYTE), 
	"SUELDO_BASE" NUMBER(8,0), 
	"COMISION" NUMBER(2,2), 
	"FECHA_CONTRATO" DATE, 
	"ESCOLARIDAD" NUMBER(2,0)
   ) ;
   
   
  CREATE TABLE "AUMENTO_CREDITO" 
   (	"ID" NUMBER, 
	"RUT" VARCHAR2(16 BYTE), 
	"NOMBRE" VARCHAR2(30 BYTE) , 
	"CREDITO" NUMBER(7,0), 
	"PROPORCION" NUMBER, 
	"PROCENTAJE" NUMBER, 
	"TOTAL_BOLETAS" NUMBER, 
	"TOTAL_FACTURAS" NUMBER, 
	"TOTAL" NUMBER, 
	"AUMENTO" NUMBER, 
	"NUEVO_CREDITO" NUMBER
   );

REM INSERTING into BANCO
SET DEFINE OFF;
Insert into BANCO (CODBANCO,DESCRIPCION) values ('1','CHILE');
Insert into BANCO (CODBANCO,DESCRIPCION) values ('2','SANTANDER');
Insert into BANCO (CODBANCO,DESCRIPCION) values ('3','BCI');
Insert into BANCO (CODBANCO,DESCRIPCION) values ('4','CORP BANCA');
Insert into BANCO (CODBANCO,DESCRIPCION) values ('5','BBVA');
Insert into BANCO (CODBANCO,DESCRIPCION) values ('6','SCOTIBANK');
Insert into BANCO (CODBANCO,DESCRIPCION) values ('7','SECURITY');
REM INSERTING into BOLETA
SET DEFINE OFF;
Insert into BOLETA (NUMBOLETA,RUTCLIENTE,RUTVENDEDOR,FECHA,TOTAL,CODPAGO,CODBANCO,NUM_DOCTO_PAGO,ESTADO) values ('120','6245678-1','12456778-1',to_date('22/01/17','DD/MM/RR'),'119000','1','4','DS4344','EM');
Insert into BOLETA (NUMBOLETA,RUTCLIENTE,RUTVENDEDOR,FECHA,TOTAL,CODPAGO,CODBANCO,NUM_DOCTO_PAGO,ESTADO) values ('121','9912478-3','10712354-2',to_date('22/01/17','DD/MM/RR'),'177310',null,'1',null,'EM');
Insert into BOLETA (NUMBOLETA,RUTCLIENTE,RUTVENDEDOR,FECHA,TOTAL,CODPAGO,CODBANCO,NUM_DOCTO_PAGO,ESTADO) values ('122','14456789-4','12456778-1',to_date('23/02/17','DD/MM/RR'),'249186','2','3',null,'PA');
Insert into BOLETA (NUMBOLETA,RUTCLIENTE,RUTVENDEDOR,FECHA,TOTAL,CODPAGO,CODBANCO,NUM_DOCTO_PAGO,ESTADO) values ('123','11245678-5','11124678-3',to_date('24/02/17','DD/MM/RR'),'44625',null,'1',null,'EM');
Insert into BOLETA (NUMBOLETA,RUTCLIENTE,RUTVENDEDOR,FECHA,TOTAL,CODPAGO,CODBANCO,NUM_DOCTO_PAGO,ESTADO) values ('124','6467708-6','11124678-3',to_date('25/02/17','DD/MM/RR'),'69561','2','4',null,'EM');
Insert into BOLETA (NUMBOLETA,RUTCLIENTE,RUTVENDEDOR,FECHA,TOTAL,CODPAGO,CODBANCO,NUM_DOCTO_PAGO,ESTADO) values ('125','10125945-7','10456789-4',to_date('26/02/17','DD/MM/RR'),'35700','2','4','4865','EM');
Insert into BOLETA (NUMBOLETA,RUTCLIENTE,RUTVENDEDOR,FECHA,TOTAL,CODPAGO,CODBANCO,NUM_DOCTO_PAGO,ESTADO) values ('126','13746912-9','12456778-1',to_date('27/02/17','DD/MM/RR'),'35343','2','3',null,'PA');
Insert into BOLETA (NUMBOLETA,RUTCLIENTE,RUTVENDEDOR,FECHA,TOTAL,CODPAGO,CODBANCO,NUM_DOCTO_PAGO,ESTADO) values ('127','10812874-0','10712354-2',to_date('17/03/17','DD/MM/RR'),'35343',null,'1',null,'EM');
Insert into BOLETA (NUMBOLETA,RUTCLIENTE,RUTVENDEDOR,FECHA,TOTAL,CODPAGO,CODBANCO,NUM_DOCTO_PAGO,ESTADO) values ('128','15123587-1','10456789-4',to_date('17/03/17','DD/MM/RR'),'35343','2','4','S/N 36147','EM');
Insert into BOLETA (NUMBOLETA,RUTCLIENTE,RUTVENDEDOR,FECHA,TOTAL,CODPAGO,CODBANCO,NUM_DOCTO_PAGO,ESTADO) values ('129',null,'12456778-1',to_date('18/03/17','DD/MM/RR'),'26061',null,'1',null,'EM');
Insert into BOLETA (NUMBOLETA,RUTCLIENTE,RUTVENDEDOR,FECHA,TOTAL,CODPAGO,CODBANCO,NUM_DOCTO_PAGO,ESTADO) values ('130',null,'10456789-4',to_date('18/03/17','DD/MM/RR'),'32130',null,'1',null,'EM');
Insert into BOLETA (NUMBOLETA,RUTCLIENTE,RUTVENDEDOR,FECHA,TOTAL,CODPAGO,CODBANCO,NUM_DOCTO_PAGO,ESTADO) values ('131','6245678-1','11124678-3',to_date('19/03/17','DD/MM/RR'),'130900','1','4','DS4344','EM');
REM INSERTING into CIUDAD
SET DEFINE OFF;
Insert into CIUDAD (CODCIUDAD,DESCRIPCION) values ('1','ARICA');
Insert into CIUDAD (CODCIUDAD,DESCRIPCION) values ('2','IQUIQUE');
Insert into CIUDAD (CODCIUDAD,DESCRIPCION) values ('3','CALAMA');
Insert into CIUDAD (CODCIUDAD,DESCRIPCION) values ('4','ANTOFAGASTA');
Insert into CIUDAD (CODCIUDAD,DESCRIPCION) values ('5','COPIAPO');
Insert into CIUDAD (CODCIUDAD,DESCRIPCION) values ('6','LA SERENA');
Insert into CIUDAD (CODCIUDAD,DESCRIPCION) values ('7','VALPARAISO');
Insert into CIUDAD (CODCIUDAD,DESCRIPCION) values ('8','SANTIAGO');
Insert into CIUDAD (CODCIUDAD,DESCRIPCION) values ('9','RANCAGUA');
Insert into CIUDAD (CODCIUDAD,DESCRIPCION) values ('10','TALCA');
Insert into CIUDAD (CODCIUDAD,DESCRIPCION) values ('11','CONCEPCION');
Insert into CIUDAD (CODCIUDAD,DESCRIPCION) values ('12','TEMUCO');
Insert into CIUDAD (CODCIUDAD,DESCRIPCION) values ('13','VALDIVIA');
Insert into CIUDAD (CODCIUDAD,DESCRIPCION) values ('14','OSORNO');
Insert into CIUDAD (CODCIUDAD,DESCRIPCION) values ('15','PTO. MONTT');
Insert into CIUDAD (CODCIUDAD,DESCRIPCION) values ('16','COYHAIQUE');
Insert into CIUDAD (CODCIUDAD,DESCRIPCION) values ('17','PTA. ARENAS');
REM INSERTING into CLIENTE
SET DEFINE OFF;
Insert into CLIENTE (RUTCLIENTE,NOMBRE,DIRECCION,CODCOMUNA,TELEFONO,ESTADO,MAIL,CREDITO,SALDO) values ('6245678-1','JUAN LOPEZ','ALAMEDA 6152','8','96644123','A','JLOPEZ@GMAIL.COM','1000000','696550');
Insert into CLIENTE (RUTCLIENTE,NOMBRE,DIRECCION,CODCOMUNA,TELEFONO,ESTADO,MAIL,CREDITO,SALDO) values ('7812354-2','MARIA SANTANDER','APOQUINDO 9093','8','961682456','A','MSANTANDER@HOTMAIL.COM','1000000','819120');
Insert into CLIENTE (RUTCLIENTE,NOMBRE,DIRECCION,CODCOMUNA,TELEFONO,ESTADO,MAIL,CREDITO,SALDO) values ('9912478-3','SIGIFRIDO SILVA','BILBAO 6200','8','55877315','B','SSILVA@GMAIL.COM','1500000','0');
Insert into CLIENTE (RUTCLIENTE,NOMBRE,DIRECCION,CODCOMUNA,TELEFONO,ESTADO,MAIL,CREDITO,SALDO) values ('14456789-4','OSCAR LARA','ALAMEDA 960',null,'79888222','A','OLARA@GMAIL.COM','2500000','2000000');
Insert into CLIENTE (RUTCLIENTE,NOMBRE,DIRECCION,CODCOMUNA,TELEFONO,ESTADO,MAIL,CREDITO,SALDO) values ('11245678-5','MARCO ITURRA','ALAMEDA 1056','8','765765','A','MITURRA@YAHOO.COM','3000000','2332410');
Insert into CLIENTE (RUTCLIENTE,NOMBRE,DIRECCION,CODCOMUNA,TELEFONO,ESTADO,MAIL,CREDITO,SALDO) values ('6467708-6','MARIBEL SOTO','VICU A MACKENNA 4555','4','95514545','A','MSOTO@GMAIL.COM','1800000','1200000');
Insert into CLIENTE (RUTCLIENTE,NOMBRE,DIRECCION,CODCOMUNA,TELEFONO,ESTADO,MAIL,CREDITO,SALDO) values ('10125945-7','SABINA VERGARA','AV. LA FLORIDA 15554 ','4','88656285','A','SVERGARA@GMAIL.COM','500000','150000');
Insert into CLIENTE (RUTCLIENTE,NOMBRE,DIRECCION,CODCOMUNA,TELEFONO,ESTADO,MAIL,CREDITO,SALDO) values ('8125781-8','PATRICIA FUENTES','IRARRAZABAL 5452','2','74545904','A','PFUENTES@HOTMAIL.COM','450000','50000');
Insert into CLIENTE (RUTCLIENTE,NOMBRE,DIRECCION,CODCOMUNA,TELEFONO,ESTADO,MAIL,CREDITO,SALDO) values ('13746912-9','ABRAHAM IGLESIAS','ALAMEDA 454','4','91452303','A','AIGLESIAS@YAHOO.COM','100000','90000');
Insert into CLIENTE (RUTCLIENTE,NOMBRE,DIRECCION,CODCOMUNA,TELEFONO,ESTADO,MAIL,CREDITO,SALDO) values ('5446780-0','CARLOS MENDOZA','PANAMERICANA 152','1','95754782','A','CMENDOZA@GMAIL.COM','800000','550000');
Insert into CLIENTE (RUTCLIENTE,NOMBRE,DIRECCION,CODCOMUNA,TELEFONO,ESTADO,MAIL,CREDITO,SALDO) values ('10812874-0','LIDIA FUENZALIDA','PROVIDENCIA 4587 ',null,'78544452','A','LFUENZALIDA@GMAIL.COM','1900000','790000');
Insert into CLIENTE (RUTCLIENTE,NOMBRE,DIRECCION,CODCOMUNA,TELEFONO,ESTADO,MAIL,CREDITO,SALDO) values ('15123587-1','BRAULIO GUTIERREZ','PROVIDENCIA 5400',null,'2222222','B','BGUTIERREZ@HOTMAIL.COM','2500000','0');
Insert into CLIENTE (RUTCLIENTE,NOMBRE,DIRECCION,CODCOMUNA,TELEFONO,ESTADO,MAIL,CREDITO,SALDO) values ('12444650-7','RUBEN PANTOJA','AV. GRECIA 152','4','5673453','B','RPANTOJA@YAHOO.COM','100000','0');
Insert into CLIENTE (RUTCLIENTE,NOMBRE,DIRECCION,CODCOMUNA,TELEFONO,ESTADO,MAIL,CREDITO,SALDO) values ('13685017-1','JOHNNY YA EZ','PROVIDENCIA 2900',null,'78598619','A','JYANEZ@GMAIL.COM','1200000','200000');
Insert into CLIENTE (RUTCLIENTE,NOMBRE,DIRECCION,CODCOMUNA,TELEFONO,ESTADO,MAIL,CREDITO,SALDO) values ('10675908-1','JAIME SALAMANCA','FREIRE 2900',null,'78598555','A','JSALAMANCA@GMAIL.COM','1000000','1000000');
Insert into CLIENTE (RUTCLIENTE,NOMBRE,DIRECCION,CODCOMUNA,TELEFONO,ESTADO,MAIL,CREDITO,SALDO) values ('11755017-K','ANDREA LARA','PROVIDENCIA 12763',null,'85448619','A','ALARA@GMAIL.COM','1200000','1200000');
REM INSERTING into COMUNA
SET DEFINE OFF;
Insert into COMUNA (CODCOMUNA,DESCRIPCION,CODCIUDAD) values ('1','VITACURA','8');
Insert into COMUNA (CODCOMUNA,DESCRIPCION,CODCIUDAD) values ('2','ÑUÑOA','8');
Insert into COMUNA (CODCOMUNA,DESCRIPCION,CODCIUDAD) values ('3','PEÑALOLEN','8');
Insert into COMUNA (CODCOMUNA,DESCRIPCION,CODCIUDAD) values ('4','SANTIAGO','8');
Insert into COMUNA (CODCOMUNA,DESCRIPCION,CODCIUDAD) values ('5','VALDIVIA','13');
Insert into COMUNA (CODCOMUNA,DESCRIPCION,CODCIUDAD) values ('6','EL LOA','3');
Insert into COMUNA (CODCOMUNA,DESCRIPCION,CODCIUDAD) values ('7','CHILLAN','11');
Insert into COMUNA (CODCOMUNA,DESCRIPCION,CODCIUDAD) values ('8','PROVIDENCIA','8');
Insert into COMUNA (CODCOMUNA,DESCRIPCION,CODCIUDAD) values ('9','PTO.SAAVEDRA','14');
REM INSERTING into DETALLE_BOLETA
SET DEFINE OFF;
Insert into DETALLE_BOLETA (NUMBOLETA,CODPRODUCTO,VUNITARIO,CODPROMOCION,DESCRI_PROM,DESCUENTO,CANTIDAD,TOTALLINEA) values ('120','1','25000',null,null,'0','4','100000');
Insert into DETALLE_BOLETA (NUMBOLETA,CODPRODUCTO,VUNITARIO,CODPROMOCION,DESCRI_PROM,DESCUENTO,CANTIDAD,TOTALLINEA) values ('121','15','12900',null,null,'0','10','129000');
Insert into DETALLE_BOLETA (NUMBOLETA,CODPRODUCTO,VUNITARIO,CODPROMOCION,DESCRI_PROM,DESCUENTO,CANTIDAD,TOTALLINEA) values ('121','19','2000',null,null,'0','10','20000');
Insert into DETALLE_BOLETA (NUMBOLETA,CODPRODUCTO,VUNITARIO,CODPROMOCION,DESCRI_PROM,DESCUENTO,CANTIDAD,TOTALLINEA) values ('122','15','12900',null,null,'0','10','129000');
Insert into DETALLE_BOLETA (NUMBOLETA,CODPRODUCTO,VUNITARIO,CODPROMOCION,DESCRI_PROM,DESCUENTO,CANTIDAD,TOTALLINEA) values ('122','16','6990',null,null,'0','10','69900');
Insert into DETALLE_BOLETA (NUMBOLETA,CODPRODUCTO,VUNITARIO,CODPROMOCION,DESCRI_PROM,DESCUENTO,CANTIDAD,TOTALLINEA) values ('122','21','700',null,null,'0','15','10500');
Insert into DETALLE_BOLETA (NUMBOLETA,CODPRODUCTO,VUNITARIO,CODPROMOCION,DESCRI_PROM,DESCUENTO,CANTIDAD,TOTALLINEA) values ('123','2','12500',null,null,'0','3','37500');
Insert into DETALLE_BOLETA (NUMBOLETA,CODPRODUCTO,VUNITARIO,CODPROMOCION,DESCRI_PROM,DESCUENTO,CANTIDAD,TOTALLINEA) values ('124','3','12990',null,null,'0','6','77940');
Insert into DETALLE_BOLETA (NUMBOLETA,CODPRODUCTO,VUNITARIO,CODPROMOCION,DESCRI_PROM,DESCUENTO,CANTIDAD,TOTALLINEA) values ('125','15','12900',null,null,'0','4','51600');
Insert into DETALLE_BOLETA (NUMBOLETA,CODPRODUCTO,VUNITARIO,CODPROMOCION,DESCRI_PROM,DESCUENTO,CANTIDAD,TOTALLINEA) values ('126','5','4950',null,null,'0','6','29700');
Insert into DETALLE_BOLETA (NUMBOLETA,CODPRODUCTO,VUNITARIO,CODPROMOCION,DESCRI_PROM,DESCUENTO,CANTIDAD,TOTALLINEA) values ('127','5','4950',null,null,'0','6','29700');
Insert into DETALLE_BOLETA (NUMBOLETA,CODPRODUCTO,VUNITARIO,CODPROMOCION,DESCRI_PROM,DESCUENTO,CANTIDAD,TOTALLINEA) values ('128','5','4950',null,null,'0','6','29700');
Insert into DETALLE_BOLETA (NUMBOLETA,CODPRODUCTO,VUNITARIO,CODPROMOCION,DESCRI_PROM,DESCUENTO,CANTIDAD,TOTALLINEA) values ('129','22','21900',null,null,'0','1','21900');
Insert into DETALLE_BOLETA (NUMBOLETA,CODPRODUCTO,VUNITARIO,CODPROMOCION,DESCRI_PROM,DESCUENTO,CANTIDAD,TOTALLINEA) values ('130','24','27000',null,null,'0','1','27000');
Insert into DETALLE_BOLETA (NUMBOLETA,CODPRODUCTO,VUNITARIO,CODPROMOCION,DESCRI_PROM,DESCUENTO,CANTIDAD,TOTALLINEA) values ('131','1','25000',null,null,'0','4','100000');
Insert into DETALLE_BOLETA (NUMBOLETA,CODPRODUCTO,VUNITARIO,CODPROMOCION,DESCRI_PROM,DESCUENTO,CANTIDAD,TOTALLINEA) values ('131','27','10000',null,null,'0','1','10000');
REM INSERTING into DETALLE_FACTURA
SET DEFINE OFF;
Insert into DETALLE_FACTURA (NUMFACTURA,CODPRODUCTO,VUNITARIO,CODPROMOCION,DESCRI_PROM,DESCUENTO,CANTIDAD,TOTALLINEA) values ('11520','1','25000',null,null,'0','4','100000');
Insert into DETALLE_FACTURA (NUMFACTURA,CODPRODUCTO,VUNITARIO,CODPROMOCION,DESCRI_PROM,DESCUENTO,CANTIDAD,TOTALLINEA) values ('11521','15','12900',null,null,'0','10','129000');
Insert into DETALLE_FACTURA (NUMFACTURA,CODPRODUCTO,VUNITARIO,CODPROMOCION,DESCRI_PROM,DESCUENTO,CANTIDAD,TOTALLINEA) values ('11521','19','2000',null,null,'0','10','20000');
Insert into DETALLE_FACTURA (NUMFACTURA,CODPRODUCTO,VUNITARIO,CODPROMOCION,DESCRI_PROM,DESCUENTO,CANTIDAD,TOTALLINEA) values ('11522','15','12900',null,null,'0','10','129000');
Insert into DETALLE_FACTURA (NUMFACTURA,CODPRODUCTO,VUNITARIO,CODPROMOCION,DESCRI_PROM,DESCUENTO,CANTIDAD,TOTALLINEA) values ('11522','16','6990',null,null,'0','10','69900');
Insert into DETALLE_FACTURA (NUMFACTURA,CODPRODUCTO,VUNITARIO,CODPROMOCION,DESCRI_PROM,DESCUENTO,CANTIDAD,TOTALLINEA) values ('11522','21','700',null,null,'0','15','10500');
Insert into DETALLE_FACTURA (NUMFACTURA,CODPRODUCTO,VUNITARIO,CODPROMOCION,DESCRI_PROM,DESCUENTO,CANTIDAD,TOTALLINEA) values ('11523','2','12500',null,null,'0','3','37500');
Insert into DETALLE_FACTURA (NUMFACTURA,CODPRODUCTO,VUNITARIO,CODPROMOCION,DESCRI_PROM,DESCUENTO,CANTIDAD,TOTALLINEA) values ('11524','3','12990',null,null,'0','6','77940');
Insert into DETALLE_FACTURA (NUMFACTURA,CODPRODUCTO,VUNITARIO,CODPROMOCION,DESCRI_PROM,DESCUENTO,CANTIDAD,TOTALLINEA) values ('11525','15','12900',null,null,'0','4','51600');
Insert into DETALLE_FACTURA (NUMFACTURA,CODPRODUCTO,VUNITARIO,CODPROMOCION,DESCRI_PROM,DESCUENTO,CANTIDAD,TOTALLINEA) values ('11526','5','4950',null,null,'0','6','29700');
Insert into DETALLE_FACTURA (NUMFACTURA,CODPRODUCTO,VUNITARIO,CODPROMOCION,DESCRI_PROM,DESCUENTO,CANTIDAD,TOTALLINEA) values ('11527','5','4950',null,null,'0','6','29700');
Insert into DETALLE_FACTURA (NUMFACTURA,CODPRODUCTO,VUNITARIO,CODPROMOCION,DESCRI_PROM,DESCUENTO,CANTIDAD,TOTALLINEA) values ('11528','5','4950',null,null,'0','6','29700');
Insert into DETALLE_FACTURA (NUMFACTURA,CODPRODUCTO,VUNITARIO,CODPROMOCION,DESCRI_PROM,DESCUENTO,CANTIDAD,TOTALLINEA) values ('11529','22','21900',null,null,'0','1','21900');
Insert into DETALLE_FACTURA (NUMFACTURA,CODPRODUCTO,VUNITARIO,CODPROMOCION,DESCRI_PROM,DESCUENTO,CANTIDAD,TOTALLINEA) values ('11530','24','27000',null,null,'0','1','27000');

REM INSERTING into FACTURA
SET DEFINE OFF;
Insert into FACTURA (NUMFACTURA,RUTCLIENTE,RUTVENDEDOR,FECHA,F_VENCIMIENTO,NETO,IVA,TOTAL,CODBANCO,CODPAGO,NUM_DOCTO_PAGO,ESTADO) values ('11520','5446780-0','12456778-1',to_date('02/01/17','DD/MM/RR'),to_date('02/02/17','DD/MM/RR'),'100000','19000','119000','1','4','178904','EM');
Insert into FACTURA (NUMFACTURA,RUTCLIENTE,RUTVENDEDOR,FECHA,F_VENCIMIENTO,NETO,IVA,TOTAL,CODBANCO,CODPAGO,NUM_DOCTO_PAGO,ESTADO) values ('11521','7812354-2','10712354-2',to_date('02/01/17','DD/MM/RR'),null,'149000','28310','177310',null,'1',null,'EM');
Insert into FACTURA (NUMFACTURA,RUTCLIENTE,RUTVENDEDOR,FECHA,F_VENCIMIENTO,NETO,IVA,TOTAL,CODBANCO,CODPAGO,NUM_DOCTO_PAGO,ESTADO) values ('11522','8125781-8','12456778-1',to_date('03/02/17','DD/MM/RR'),null,'209400','39786','249186','2','3',null,'PA');
Insert into FACTURA (NUMFACTURA,RUTCLIENTE,RUTVENDEDOR,FECHA,F_VENCIMIENTO,NETO,IVA,TOTAL,CODBANCO,CODPAGO,NUM_DOCTO_PAGO,ESTADO) values ('11523','5446780-0','11124678-3',to_date('04/02/17','DD/MM/RR'),null,'37500','7125','44625',null,'1',null,'EM');
Insert into FACTURA (NUMFACTURA,RUTCLIENTE,RUTVENDEDOR,FECHA,F_VENCIMIENTO,NETO,IVA,TOTAL,CODBANCO,CODPAGO,NUM_DOCTO_PAGO,ESTADO) values ('11524','12444650-7','11124678-3',to_date('15/02/17','DD/MM/RR'),null,'58455','11606','69561','2','4',null,'EM');
Insert into FACTURA (NUMFACTURA,RUTCLIENTE,RUTVENDEDOR,FECHA,F_VENCIMIENTO,NETO,IVA,TOTAL,CODBANCO,CODPAGO,NUM_DOCTO_PAGO,ESTADO) values ('11525','8125781-8','12456778-1',to_date('16/02/17','DD/MM/RR'),to_date('16/03/17','DD/MM/RR'),'30000','5700','35700','2','4','8904865','EM');
Insert into FACTURA (NUMFACTURA,RUTCLIENTE,RUTVENDEDOR,FECHA,F_VENCIMIENTO,NETO,IVA,TOTAL,CODBANCO,CODPAGO,NUM_DOCTO_PAGO,ESTADO) values ('11526','13685017-1','10456789-4',to_date('17/02/17','DD/MM/RR'),null,'29700','5643','35343','2','3',null,'PA');
Insert into FACTURA (NUMFACTURA,RUTCLIENTE,RUTVENDEDOR,FECHA,F_VENCIMIENTO,NETO,IVA,TOTAL,CODBANCO,CODPAGO,NUM_DOCTO_PAGO,ESTADO) values ('11527','8125781-8','10712354-2',to_date('07/03/17','DD/MM/RR'),null,'29700','5643','35343',null,'1',null,'EM');
Insert into FACTURA (NUMFACTURA,RUTCLIENTE,RUTVENDEDOR,FECHA,F_VENCIMIENTO,NETO,IVA,TOTAL,CODBANCO,CODPAGO,NUM_DOCTO_PAGO,ESTADO) values ('11528','5446780-0','10712354-2',to_date('07/03/17','DD/MM/RR'),null,'29700','5643','35343','2','4','CF-123647','EM');
Insert into FACTURA (NUMFACTURA,RUTCLIENTE,RUTVENDEDOR,FECHA,F_VENCIMIENTO,NETO,IVA,TOTAL,CODBANCO,CODPAGO,NUM_DOCTO_PAGO,ESTADO) values ('11529','8125781-8','10456789-4',to_date('08/03/17','DD/MM/RR'),null,'21900','4161','26061',null,'1',null,'EM');
Insert into FACTURA (NUMFACTURA,RUTCLIENTE,RUTVENDEDOR,FECHA,F_VENCIMIENTO,NETO,IVA,TOTAL,CODBANCO,CODPAGO,NUM_DOCTO_PAGO,ESTADO) values ('11530','12444650-7','10456789-4',to_date('08/03/17','DD/MM/RR'),null,'27000','5130','32130',null,'1',null,'EM');
REM INSERTING into FORMA_PAGO
SET DEFINE OFF;
Insert into FORMA_PAGO (CODPAGO,DESCRIPCION) values ('1','EFECTIVO');
Insert into FORMA_PAGO (CODPAGO,DESCRIPCION) values ('2','TARJETA DEBITO');
Insert into FORMA_PAGO (CODPAGO,DESCRIPCION) values ('3','TARJETA CREDITO');
Insert into FORMA_PAGO (CODPAGO,DESCRIPCION) values ('4','CHEQUE');
REM INSERTING into PAIS
SET DEFINE OFF;
Insert into PAIS (CODPAIS,NOMPAIS) values ('1','CHILE');
Insert into PAIS (CODPAIS,NOMPAIS) values ('2','EEUU');
Insert into PAIS (CODPAIS,NOMPAIS) values ('3','INGLATERRA');
Insert into PAIS (CODPAIS,NOMPAIS) values ('4','ALEMANIA');
Insert into PAIS (CODPAIS,NOMPAIS) values ('5','FRANCIA');
Insert into PAIS (CODPAIS,NOMPAIS) values ('6','CANADA');
Insert into PAIS (CODPAIS,NOMPAIS) values ('7','ARGENTINA');
Insert into PAIS (CODPAIS,NOMPAIS) values ('8','BRASIL');
REM INSERTING into PRODUCTO
SET DEFINE OFF;
Insert into PRODUCTO (CODPRODUCTO,DESCRIPCION,CODUNIDAD,CODCATEGORIA,VUNITARIO,VALORCOMPRAPESO,VALORCOMPRADOLAR,TOTALSTOCK,STKSEGURIDAD,PROCEDENCIA,CODPAIS,CODPRODUCTO_REL) values ('1','ZAPATO HOMBRE MODELO ALL BLACK-0-11','UN','P','25000','4000','7,42','100','10','I','2','11');
Insert into PRODUCTO (CODPRODUCTO,DESCRIPCION,CODUNIDAD,CODCATEGORIA,VUNITARIO,VALORCOMPRAPESO,VALORCOMPRADOLAR,TOTALSTOCK,STKSEGURIDAD,PROCEDENCIA,CODPAIS,CODPRODUCTO_REL) values ('2','ZAPATO HOMBRE MODELO LAGO 6-05','UN','P','28000','8890','8,87','90','10','I','2','11');
Insert into PRODUCTO (CODPRODUCTO,DESCRIPCION,CODUNIDAD,CODCATEGORIA,VUNITARIO,VALORCOMPRAPESO,VALORCOMPRADOLAR,TOTALSTOCK,STKSEGURIDAD,PROCEDENCIA,CODPAIS,CODPRODUCTO_REL) values ('3','ZAPATO HOMBRE MODELO PADUA 6-43','UN','P','55000','7990','7,09','54','5','I','2','11');
Insert into PRODUCTO (CODPRODUCTO,DESCRIPCION,CODUNIDAD,CODCATEGORIA,VUNITARIO,VALORCOMPRAPESO,VALORCOMPRADOLAR,TOTALSTOCK,STKSEGURIDAD,PROCEDENCIA,CODPAIS,CODPRODUCTO_REL) values ('4','ZAPATO HOMBRE MODELO DOZZA 0-03','UN','P','35000','6771','7','40','4','I','2','11');
Insert into PRODUCTO (CODPRODUCTO,DESCRIPCION,CODUNIDAD,CODCATEGORIA,VUNITARIO,VALORCOMPRAPESO,VALORCOMPRADOLAR,TOTALSTOCK,STKSEGURIDAD,PROCEDENCIA,CODPAIS,CODPRODUCTO_REL) values ('5','ZAPATO HOMBRE MODELO VALIER 3-18','UN','P','49000','3950','4,03','40','4','I','2','11');
Insert into PRODUCTO (CODPRODUCTO,DESCRIPCION,CODUNIDAD,CODCATEGORIA,VUNITARIO,VALORCOMPRAPESO,VALORCOMPRADOLAR,TOTALSTOCK,STKSEGURIDAD,PROCEDENCIA,CODPAIS,CODPRODUCTO_REL) values ('6','ZAPATO HOMBRE MODELO MURCIA 0-003','UN','P','27850','5679','7,98','60','6','I','4','11');
Insert into PRODUCTO (CODPRODUCTO,DESCRIPCION,CODUNIDAD,CODCATEGORIA,VUNITARIO,VALORCOMPRAPESO,VALORCOMPRADOLAR,TOTALSTOCK,STKSEGURIDAD,PROCEDENCIA,CODPAIS,CODPRODUCTO_REL) values ('7','ZAPATO HOMBRE MODELO SIENA 0-01','UN','P','41990','9500','9,77','87','10','I','4','11');
Insert into PRODUCTO (CODPRODUCTO,DESCRIPCION,CODUNIDAD,CODCATEGORIA,VUNITARIO,VALORCOMPRAPESO,VALORCOMPRADOLAR,TOTALSTOCK,STKSEGURIDAD,PROCEDENCIA,CODPAIS,CODPRODUCTO_REL) values ('8','ZAPATO HOMBRE MODELO TAGO 0-87','UN','P','42500','10890','12,76','60','6','I','8','11');
Insert into PRODUCTO (CODPRODUCTO,DESCRIPCION,CODUNIDAD,CODCATEGORIA,VUNITARIO,VALORCOMPRAPESO,VALORCOMPRADOLAR,TOTALSTOCK,STKSEGURIDAD,PROCEDENCIA,CODPAIS,CODPRODUCTO_REL) values ('9','ZAPATO HOMBRE MODELO INDIE 0-16','UN','P','38990','15000','17,85','18','5','I','8','11');
Insert into PRODUCTO (CODPRODUCTO,DESCRIPCION,CODUNIDAD,CODCATEGORIA,VUNITARIO,VALORCOMPRAPESO,VALORCOMPRADOLAR,TOTALSTOCK,STKSEGURIDAD,PROCEDENCIA,CODPAIS,CODPRODUCTO_REL) values ('10','ZAPATO HOMBRE MODELO NAPOLES 0-17','UN','P','27500','1500','2,01','100','10','I','8','11');
Insert into PRODUCTO (CODPRODUCTO,DESCRIPCION,CODUNIDAD,CODCATEGORIA,VUNITARIO,VALORCOMPRAPESO,VALORCOMPRADOLAR,TOTALSTOCK,STKSEGURIDAD,PROCEDENCIA,CODPAIS,CODPRODUCTO_REL) values ('11','RENOVADOR LIQUIDO NEUTRO ALTO BRILLO','LQ','A','2850','1200','1,6','150','15','I','7',null);
Insert into PRODUCTO (CODPRODUCTO,DESCRIPCION,CODUNIDAD,CODCATEGORIA,VUNITARIO,VALORCOMPRAPESO,VALORCOMPRADOLAR,TOTALSTOCK,STKSEGURIDAD,PROCEDENCIA,CODPAIS,CODPRODUCTO_REL) values ('12','ZAPATO MUJER MODELO BOSSA 0-18','UN','P','35000','11000','15,64','70','7','I','7','27');
Insert into PRODUCTO (CODPRODUCTO,DESCRIPCION,CODUNIDAD,CODCATEGORIA,VUNITARIO,VALORCOMPRAPESO,VALORCOMPRADOLAR,TOTALSTOCK,STKSEGURIDAD,PROCEDENCIA,CODPAIS,CODPRODUCTO_REL) values ('13','ZAPATO MUJER MODELO BRISTOL 1-19','UN','P','29000','6400','8,15','69','10','I','2','27');
Insert into PRODUCTO (CODPRODUCTO,DESCRIPCION,CODUNIDAD,CODCATEGORIA,VUNITARIO,VALORCOMPRAPESO,VALORCOMPRADOLAR,TOTALSTOCK,STKSEGURIDAD,PROCEDENCIA,CODPAIS,CODPRODUCTO_REL) values ('14','ZAPATO MUJER MODELO RAMBLAS 2-20','UN','P','37980','13980','15,85','35','10','I','2','27');
Insert into PRODUCTO (CODPRODUCTO,DESCRIPCION,CODUNIDAD,CODCATEGORIA,VUNITARIO,VALORCOMPRAPESO,VALORCOMPRADOLAR,TOTALSTOCK,STKSEGURIDAD,PROCEDENCIA,CODPAIS,CODPRODUCTO_REL) values ('15','ZAPATO MUJER MODELO MOMTREAL 3-201','UN','P','42990','9000','8,77','20','2','I','4','27');
Insert into PRODUCTO (CODPRODUCTO,DESCRIPCION,CODUNIDAD,CODCATEGORIA,VUNITARIO,VALORCOMPRAPESO,VALORCOMPRADOLAR,TOTALSTOCK,STKSEGURIDAD,PROCEDENCIA,CODPAIS,CODPRODUCTO_REL) values ('16','ZAPATO MUJER MODELO MONTECARLO 4-10','UN','P','56990','5000','5,5','54','10','I','4','27');
Insert into PRODUCTO (CODPRODUCTO,DESCRIPCION,CODUNIDAD,CODCATEGORIA,VUNITARIO,VALORCOMPRAPESO,VALORCOMPRADOLAR,TOTALSTOCK,STKSEGURIDAD,PROCEDENCIA,CODPAIS,CODPRODUCTO_REL) values ('17','ZAPATO MUJER MODELO LOMBARDO 11-5','UN','P','35990','3800','4,66','34','7','I','4','27');
Insert into PRODUCTO (CODPRODUCTO,DESCRIPCION,CODUNIDAD,CODCATEGORIA,VUNITARIO,VALORCOMPRAPESO,VALORCOMPRADOLAR,TOTALSTOCK,STKSEGURIDAD,PROCEDENCIA,CODPAIS,CODPRODUCTO_REL) values ('18','ZAPATO MUJER MODELO SYDNEY 12-6','UN','P','32990','7800','6,8','25','10','I','4','27');
Insert into PRODUCTO (CODPRODUCTO,DESCRIPCION,CODUNIDAD,CODCATEGORIA,VUNITARIO,VALORCOMPRAPESO,VALORCOMPRADOLAR,TOTALSTOCK,STKSEGURIDAD,PROCEDENCIA,CODPAIS,CODPRODUCTO_REL) values ('19','ZAPATO MUJER MODELO BERLIN 4-56','UN','P','52000','1000',null,'200','20','N','1','27');
Insert into PRODUCTO (CODPRODUCTO,DESCRIPCION,CODUNIDAD,CODCATEGORIA,VUNITARIO,VALORCOMPRAPESO,VALORCOMPRADOLAR,TOTALSTOCK,STKSEGURIDAD,PROCEDENCIA,CODPAIS,CODPRODUCTO_REL) values ('20','ZAPATO MUJER MODELO MADRID II','UN','P','42500','1200',null,'90','9','N','1','27');
Insert into PRODUCTO (CODPRODUCTO,DESCRIPCION,CODUNIDAD,CODCATEGORIA,VUNITARIO,VALORCOMPRAPESO,VALORCOMPRADOLAR,TOTALSTOCK,STKSEGURIDAD,PROCEDENCIA,CODPAIS,CODPRODUCTO_REL) values ('21','ZAPATO MUJER MODELO PIAMONTE D-02','UN','P','34500','480',null,'100','10','N','1','27');
Insert into PRODUCTO (CODPRODUCTO,DESCRIPCION,CODUNIDAD,CODCATEGORIA,VUNITARIO,VALORCOMPRAPESO,VALORCOMPRADOLAR,TOTALSTOCK,STKSEGURIDAD,PROCEDENCIA,CODPAIS,CODPRODUCTO_REL) values ('22','ZAPATO MUJER MODELO SERENA 1-019','UN','P','31900',null,null,null,null,'N','1','27');
Insert into PRODUCTO (CODPRODUCTO,DESCRIPCION,CODUNIDAD,CODCATEGORIA,VUNITARIO,VALORCOMPRAPESO,VALORCOMPRADOLAR,TOTALSTOCK,STKSEGURIDAD,PROCEDENCIA,CODPAIS,CODPRODUCTO_REL) values ('23','ZAPATO MUJER MODELO TWISTER D-100','UN','P','35000',null,null,null,null,'N','1','27');
Insert into PRODUCTO (CODPRODUCTO,DESCRIPCION,CODUNIDAD,CODCATEGORIA,VUNITARIO,VALORCOMPRAPESO,VALORCOMPRADOLAR,TOTALSTOCK,STKSEGURIDAD,PROCEDENCIA,CODPAIS,CODPRODUCTO_REL) values ('24','ZAPATO MUJER MODELO OSLO 308','UN','P','37000',null,null,null,null,'N','1','27');
Insert into PRODUCTO (CODPRODUCTO,DESCRIPCION,CODUNIDAD,CODCATEGORIA,VUNITARIO,VALORCOMPRAPESO,VALORCOMPRADOLAR,TOTALSTOCK,STKSEGURIDAD,PROCEDENCIA,CODPAIS,CODPRODUCTO_REL) values ('25','ZAPATO MUJER MODELO CAIRO 0-11','UN','P','43990',null,null,null,null,'N','1','27');
Insert into PRODUCTO (CODPRODUCTO,DESCRIPCION,CODUNIDAD,CODCATEGORIA,VUNITARIO,VALORCOMPRAPESO,VALORCOMPRADOLAR,TOTALSTOCK,STKSEGURIDAD,PROCEDENCIA,CODPAIS,CODPRODUCTO_REL) values ('26','ZAPATO MUJER MODELO SEVILLA 1-06','UN','P','59900',null,null,null,null,'N','1','27');
Insert into PRODUCTO (CODPRODUCTO,DESCRIPCION,CODUNIDAD,CODCATEGORIA,VUNITARIO,VALORCOMPRAPESO,VALORCOMPRADOLAR,TOTALSTOCK,STKSEGURIDAD,PROCEDENCIA,CODPAIS,CODPRODUCTO_REL) values ('27','CREMA PROTECTORA INCOLORO','UN','A','4000',null,null,null,null,'N','1',null);
Insert into PRODUCTO (CODPRODUCTO,DESCRIPCION,CODUNIDAD,CODCATEGORIA,VUNITARIO,VALORCOMPRAPESO,VALORCOMPRADOLAR,TOTALSTOCK,STKSEGURIDAD,PROCEDENCIA,CODPAIS,CODPRODUCTO_REL) values ('28','ZAPATO CASUAL HOMBRE BARI 0-10','UN','P','29000',null,null,null,null,'N','1',null);
Insert into PRODUCTO (CODPRODUCTO,DESCRIPCION,CODUNIDAD,CODCATEGORIA,VUNITARIO,VALORCOMPRAPESO,VALORCOMPRADOLAR,TOTALSTOCK,STKSEGURIDAD,PROCEDENCIA,CODPAIS,CODPRODUCTO_REL) values ('29','ZAPATO CASUAL HOMBREOPORTO 1-108','UN','P','28500',null,null,null,null,'N','1',null);
Insert into PRODUCTO (CODPRODUCTO,DESCRIPCION,CODUNIDAD,CODCATEGORIA,VUNITARIO,VALORCOMPRAPESO,VALORCOMPRADOLAR,TOTALSTOCK,STKSEGURIDAD,PROCEDENCIA,CODPAIS,CODPRODUCTO_REL) values ('30','BOTIN MUJER PRIMAV 1-17','UN','P','25990',null,null,null,null,'N','1',null);
Insert into PRODUCTO (CODPRODUCTO,DESCRIPCION,CODUNIDAD,CODCATEGORIA,VUNITARIO,VALORCOMPRAPESO,VALORCOMPRADOLAR,TOTALSTOCK,STKSEGURIDAD,PROCEDENCIA,CODPAIS,CODPRODUCTO_REL) values ('31','BOTIN MUJER SUMMER 1-17','UN','P','35000',null,null,null,null,'N','1',null);
REM INSERTING into TRAMO_ANTIGUEDAD
SET DEFINE OFF;
Insert into TRAMO_ANTIGUEDAD (SEC_ANNOS_CONTRATADO,ANNOS_CONT_INF,ANNOS_CONT_SUP,PORCENTAJE) values ('1','1','9','4');
Insert into TRAMO_ANTIGUEDAD (SEC_ANNOS_CONTRATADO,ANNOS_CONT_INF,ANNOS_CONT_SUP,PORCENTAJE) values ('2','10','12','6');
Insert into TRAMO_ANTIGUEDAD (SEC_ANNOS_CONTRATADO,ANNOS_CONT_INF,ANNOS_CONT_SUP,PORCENTAJE) values ('3','13','16','7');
Insert into TRAMO_ANTIGUEDAD (SEC_ANNOS_CONTRATADO,ANNOS_CONT_INF,ANNOS_CONT_SUP,PORCENTAJE) values ('4','17','30','10');
REM INSERTING into TRAMO_ESCOLARIDAD
SET DEFINE OFF;
Insert into TRAMO_ESCOLARIDAD (ID_ESCOLARIDAD,SIGLA_ESCOLARIDAD,DESC_ESCOLARIDAD,PORC_ASIG_ESCOLARIDAD) values ('10','BA','B SICA','1');
Insert into TRAMO_ESCOLARIDAD (ID_ESCOLARIDAD,SIGLA_ESCOLARIDAD,DESC_ESCOLARIDAD,PORC_ASIG_ESCOLARIDAD) values ('20','MCH','MEDIA CIENT FICA HUMANISTA','2');
Insert into TRAMO_ESCOLARIDAD (ID_ESCOLARIDAD,SIGLA_ESCOLARIDAD,DESC_ESCOLARIDAD,PORC_ASIG_ESCOLARIDAD) values ('30','MTP','MEDIA T CNICO PROFESIONAL','3');
Insert into TRAMO_ESCOLARIDAD (ID_ESCOLARIDAD,SIGLA_ESCOLARIDAD,DESC_ESCOLARIDAD,PORC_ASIG_ESCOLARIDAD) values ('40','SCFT','SUPERIOR CENTRO DE FORMACI N T CNICA','4');
Insert into TRAMO_ESCOLARIDAD (ID_ESCOLARIDAD,SIGLA_ESCOLARIDAD,DESC_ESCOLARIDAD,PORC_ASIG_ESCOLARIDAD) values ('50','SIP','SUPERIOR INSTITUTO PROFESIONAL','5');
Insert into TRAMO_ESCOLARIDAD (ID_ESCOLARIDAD,SIGLA_ESCOLARIDAD,DESC_ESCOLARIDAD,PORC_ASIG_ESCOLARIDAD) values ('60','SU','SUPERIOR UNIVERSIDAD','6');
REM INSERTING into UNIDAD_MEDIDA
SET DEFINE OFF;
Insert into UNIDAD_MEDIDA (CODUNIDAD,DESCRIPCION) values ('UN','UNITARIO');
Insert into UNIDAD_MEDIDA (CODUNIDAD,DESCRIPCION) values ('LQ','LIQUIDO');
REM INSERTING into VENDEDOR
SET DEFINE OFF;
Insert into VENDEDOR (ID,RUTVENDEDOR,NOMBRE,DIRECCION,CODCOMUNA,TELEFONO,MAIL,SUELDO_BASE,COMISION,FECHA_CONTRATO,ESCOLARIDAD) values ('1','12456778-1','LUIS ROJAS','ALAMEDA 6152','1','44644123','LROJAS@GMAIL.COM','264000','0,11',to_date('01/08/01','DD/MM/RR'),'20');
Insert into VENDEDOR (ID,RUTVENDEDOR,NOMBRE,DIRECCION,CODCOMUNA,TELEFONO,MAIL,SUELDO_BASE,COMISION,FECHA_CONTRATO,ESCOLARIDAD) values ('2','10712354-2','MARIO SOTO ','APOQUINDO 9093','2','651682456','MSOTO@HOTMAIL.COM','265000','0,2',to_date('18/07/05','DD/MM/RR'),'30');
Insert into VENDEDOR (ID,RUTVENDEDOR,NOMBRE,DIRECCION,CODCOMUNA,TELEFONO,MAIL,SUELDO_BASE,COMISION,FECHA_CONTRATO,ESCOLARIDAD) values ('3','11124678-3','SALVADOR ALVARADO','BILBAO 6200','3','65877315','SALVARADO@GMAIL.COM','250000','0,3',to_date('22/03/08','DD/MM/RR'),'40');
Insert into VENDEDOR (ID,RUTVENDEDOR,NOMBRE,DIRECCION,CODCOMUNA,TELEFONO,MAIL,SUELDO_BASE,COMISION,FECHA_CONTRATO,ESCOLARIDAD) values ('4','10456789-4','DIEGO MERCADO','ALAMEDA 960','4','96888222','DMERCADO@GMAIL.COM','278100','0,4',to_date('07/09/11','DD/MM/RR'),'50');
--------------------------------------------------------
--  DDL for Index CODBANCO_PK
--------------------------------------------------------

  CREATE UNIQUE INDEX "CODBANCO_PK" ON "BANCO" ("CODBANCO") 
  ;
--------------------------------------------------------
--  DDL for Index NUMBOLETA_PK
--------------------------------------------------------

  CREATE UNIQUE INDEX "NUMBOLETA_PK" ON "BOLETA" ("NUMBOLETA") 
  ;
--------------------------------------------------------
--  DDL for Index COD_CIUDAD_PK
--------------------------------------------------------

  CREATE UNIQUE INDEX "COD_CIUDAD_PK" ON "CIUDAD" ("CODCIUDAD") 
  ;
--------------------------------------------------------
--  DDL for Index RUT_CLIENTE_PK
--------------------------------------------------------

  CREATE UNIQUE INDEX "RUT_CLIENTE_PK" ON "CLIENTE" ("RUTCLIENTE") 
  ;
--------------------------------------------------------
--  DDL for Index COD_COMUNA_PK
--------------------------------------------------------

  CREATE UNIQUE INDEX "COD_COMUNA_PK" ON "COMUNA" ("CODCOMUNA") 
  ;
--------------------------------------------------------
--  DDL for Index DET_BOLETA_PK
--------------------------------------------------------

  CREATE UNIQUE INDEX "DET_BOLETA_PK" ON "DETALLE_BOLETA" ("NUMBOLETA", "CODPRODUCTO") 
  ;
--------------------------------------------------------
--  DDL for Index DET_FACT_PK
--------------------------------------------------------

  CREATE UNIQUE INDEX "DET_FACT_PK" ON "DETALLE_FACTURA" ("NUMFACTURA", "CODPRODUCTO") 
  ;
--------------------------------------------------------
--  DDL for Index PK_ERRORES_DESARROLLO
--------------------------------------------------------

  CREATE UNIQUE INDEX "PK_ERRORES_DESARROLLO" ON "ERRORES_DESARROLLO" ("SEC_ERROR") 
  ;
--------------------------------------------------------
--  DDL for Index NUMFACTURA_PK
--------------------------------------------------------

  CREATE UNIQUE INDEX "NUMFACTURA_PK" ON "FACTURA" ("NUMFACTURA") 
  ;
--------------------------------------------------------
--  DDL for Index CODPAGO_PK
--------------------------------------------------------

  CREATE UNIQUE INDEX "CODPAGO_PK" ON "FORMA_PAGO" ("CODPAGO") 
  ;
--------------------------------------------------------
--  DDL for Index PAIS_PK
--------------------------------------------------------

  CREATE UNIQUE INDEX "PAIS_PK" ON "PAIS" ("CODPAIS") 
  ;
--------------------------------------------------------
--  DDL for Index COD_PROD_PK
--------------------------------------------------------

  CREATE UNIQUE INDEX "COD_PROD_PK" ON "PRODUCTO" ("CODPRODUCTO") 
  ;
--------------------------------------------------------
--  DDL for Index COD_UNIDAD_PK
--------------------------------------------------------

  CREATE UNIQUE INDEX "COD_UNIDAD_PK" ON "UNIDAD_MEDIDA" ("CODUNIDAD") 
  ;
--------------------------------------------------------
--  DDL for Index RUT_VENDEDOR_PK
--------------------------------------------------------

  CREATE UNIQUE INDEX "RUT_VENDEDOR_PK" ON "VENDEDOR" ("RUTVENDEDOR") 
  ;

--------------------------------------------------------
--  Constraints for Table BANCO
--------------------------------------------------------

  ALTER TABLE "BANCO" ADD CONSTRAINT "CODBANCO_PK" PRIMARY KEY ("CODBANCO")
  USING INDEX  ENABLE;
--------------------------------------------------------
--  Constraints for Table BOLETA
--------------------------------------------------------

  ALTER TABLE "BOLETA" ADD CONSTRAINT "NUMBOLETA_PK" PRIMARY KEY ("NUMBOLETA")
  USING INDEX  ENABLE;
  ALTER TABLE "BOLETA" ADD CONSTRAINT "BOL_ESTADO_BOLETA_CK" CHECK (ESTADO IN ('EM', 'PA','NC') ) ENABLE;
--------------------------------------------------------
--  Constraints for Table CIUDAD
--------------------------------------------------------

  ALTER TABLE "CIUDAD" ADD CONSTRAINT "COD_CIUDAD_PK" PRIMARY KEY ("CODCIUDAD")
  USING INDEX  ENABLE;
--------------------------------------------------------
--  Constraints for Table CLIENTE
--------------------------------------------------------

  ALTER TABLE "CLIENTE" ADD CONSTRAINT "RUT_CLIENTE_PK" PRIMARY KEY ("RUTCLIENTE")
  USING INDEX  ENABLE;
  ALTER TABLE "CLIENTE" ADD CONSTRAINT "ESTADO_CLIENTE_CK" CHECK (ESTADO IN ('A', 'B') ) ENABLE;
--------------------------------------------------------
--  Constraints for Table COMUNA
--------------------------------------------------------

  ALTER TABLE "COMUNA" ADD CONSTRAINT "COD_COMUNA_PK" PRIMARY KEY ("CODCOMUNA")
  USING INDEX  ENABLE;
--------------------------------------------------------
--  Constraints for Table DETALLE_BOLETA
--------------------------------------------------------

  ALTER TABLE "DETALLE_BOLETA" ADD CONSTRAINT "DET_BOLETA_PK" PRIMARY KEY ("NUMBOLETA", "CODPRODUCTO")
  USING INDEX  ENABLE;
--------------------------------------------------------
--  Constraints for Table DETALLE_FACTURA
--------------------------------------------------------

  ALTER TABLE "DETALLE_FACTURA" ADD CONSTRAINT "DET_FACT_PK" PRIMARY KEY ("NUMFACTURA", "CODPRODUCTO")
  USING INDEX  ENABLE;
--------------------------------------------------------
--  Constraints for Table ERRORES_DESARROLLO
--------------------------------------------------------

  ALTER TABLE "ERRORES_DESARROLLO" ADD CONSTRAINT "PK_ERRORES_DESARROLLO" PRIMARY KEY ("SEC_ERROR")
  USING INDEX  ENABLE;
--------------------------------------------------------
--  Constraints for Table FACTURA
--------------------------------------------------------

  ALTER TABLE "FACTURA" ADD CONSTRAINT "NUMFACTURA_PK" PRIMARY KEY ("NUMFACTURA")
  USING INDEX  ENABLE;
  ALTER TABLE "FACTURA" ADD CONSTRAINT "ESTADO_FACTURA_CK" CHECK (ESTADO IN ('EM', 'PA','NC') ) ENABLE;
--------------------------------------------------------
--  Constraints for Table FORMA_PAGO
--------------------------------------------------------

  ALTER TABLE "FORMA_PAGO" ADD CONSTRAINT "CODPAGO_PK" PRIMARY KEY ("CODPAGO")
  USING INDEX  ENABLE;
--------------------------------------------------------
--  Constraints for Table PAIS
--------------------------------------------------------

  ALTER TABLE "PAIS" ADD CONSTRAINT "PAIS_PK" PRIMARY KEY ("CODPAIS")
  USING INDEX  ENABLE;
--------------------------------------------------------
--  Constraints for Table PRODUCTO
--------------------------------------------------------

  ALTER TABLE "PRODUCTO" ADD CONSTRAINT "COD_PROD_PK" PRIMARY KEY ("CODPRODUCTO")
  USING INDEX  ENABLE;
--------------------------------------------------------
--  Constraints for Table UNIDAD_MEDIDA
--------------------------------------------------------

  ALTER TABLE "UNIDAD_MEDIDA" ADD CONSTRAINT "COD_UNIDAD_PK" PRIMARY KEY ("CODUNIDAD")
  USING INDEX  ENABLE;
--------------------------------------------------------
--  Constraints for Table VENDEDOR
--------------------------------------------------------

  ALTER TABLE "VENDEDOR" ADD CONSTRAINT "RUT_VENDEDOR_PK" PRIMARY KEY ("RUTVENDEDOR")
  USING INDEX  ENABLE;
--------------------------------------------------------
--  Ref Constraints for Table BOLETA
--------------------------------------------------------

  ALTER TABLE "BOLETA" ADD CONSTRAINT "BOL_RUTCLIENTE_FK" FOREIGN KEY ("RUTCLIENTE")
	  REFERENCES "CLIENTE" ("RUTCLIENTE") ENABLE;
  ALTER TABLE "BOLETA" ADD CONSTRAINT "BOL_RUTVENDEDOR_FK" FOREIGN KEY ("RUTVENDEDOR")
	  REFERENCES "VENDEDOR" ("RUTVENDEDOR") ENABLE;
  ALTER TABLE "BOLETA" ADD CONSTRAINT "BOL_CODPAGO_FK" FOREIGN KEY ("CODPAGO")
	  REFERENCES "FORMA_PAGO" ("CODPAGO") ENABLE;
  ALTER TABLE "BOLETA" ADD CONSTRAINT "BOL_CODBANCO_FK" FOREIGN KEY ("CODBANCO")
	  REFERENCES "BANCO" ("CODBANCO") ENABLE;
--------------------------------------------------------
--  Ref Constraints for Table CLIENTE
--------------------------------------------------------

  ALTER TABLE "CLIENTE" ADD CONSTRAINT "COD_COMUNA_FK" FOREIGN KEY ("CODCOMUNA")
	  REFERENCES "COMUNA" ("CODCOMUNA") ENABLE;
--------------------------------------------------------
--  Ref Constraints for Table COMUNA
--------------------------------------------------------

  ALTER TABLE "COMUNA" ADD CONSTRAINT "COD_CIUDAD_FK" FOREIGN KEY ("CODCIUDAD")
	  REFERENCES "CIUDAD" ("CODCIUDAD") ENABLE;
--------------------------------------------------------
--  Ref Constraints for Table DETALLE_BOLETA
--------------------------------------------------------

  ALTER TABLE "DETALLE_BOLETA" ADD CONSTRAINT "DET_BOL_CODPRODUCTO_FK" FOREIGN KEY ("CODPRODUCTO")
	  REFERENCES "PRODUCTO" ("CODPRODUCTO") ENABLE;
  ALTER TABLE "DETALLE_BOLETA" ADD CONSTRAINT "DET_BOL_NUM_BOLETA_FK" FOREIGN KEY ("NUMBOLETA")
	  REFERENCES "BOLETA" ("NUMBOLETA") ENABLE;
--------------------------------------------------------
--  Ref Constraints for Table DETALLE_FACTURA
--------------------------------------------------------

  ALTER TABLE "DETALLE_FACTURA" ADD CONSTRAINT "COD_PROD_FK" FOREIGN KEY ("CODPRODUCTO")
	  REFERENCES "PRODUCTO" ("CODPRODUCTO") ENABLE;
  ALTER TABLE "DETALLE_FACTURA" ADD CONSTRAINT "NUM_FACT_FK" FOREIGN KEY ("NUMFACTURA")
	  REFERENCES "FACTURA" ("NUMFACTURA") ENABLE;
--------------------------------------------------------
--  Ref Constraints for Table FACTURA
--------------------------------------------------------

  ALTER TABLE "FACTURA" ADD CONSTRAINT "RUTCLIENTE_FK" FOREIGN KEY ("RUTCLIENTE")
	  REFERENCES "CLIENTE" ("RUTCLIENTE") ENABLE;
  ALTER TABLE "FACTURA" ADD CONSTRAINT "RUTVENDEDOR_FK" FOREIGN KEY ("RUTVENDEDOR")
	  REFERENCES "VENDEDOR" ("RUTVENDEDOR") ENABLE;
  ALTER TABLE "FACTURA" ADD CONSTRAINT "CODPAGO_FK" FOREIGN KEY ("CODPAGO")
	  REFERENCES "FORMA_PAGO" ("CODPAGO") ENABLE;
  ALTER TABLE "FACTURA" ADD CONSTRAINT "CODBANCO_FK" FOREIGN KEY ("CODBANCO")
	  REFERENCES "BANCO" ("CODBANCO") ENABLE;
--------------------------------------------------------
--  Ref Constraints for Table PRODUCTO
--------------------------------------------------------

  ALTER TABLE "PRODUCTO" ADD CONSTRAINT "COD_UNIDAD_FK" FOREIGN KEY ("CODUNIDAD")
	  REFERENCES "UNIDAD_MEDIDA" ("CODUNIDAD") ENABLE;
  ALTER TABLE "PRODUCTO" ADD CONSTRAINT "COD_PAIS_FK" FOREIGN KEY ("CODPAIS")
	  REFERENCES "PAIS" ("CODPAIS") ENABLE;
  ALTER TABLE "PRODUCTO" ADD CONSTRAINT "CODPRODUCTO_REL_FK" FOREIGN KEY ("CODPRODUCTO_REL")
	  REFERENCES "PRODUCTO" ("CODPRODUCTO") ENABLE;
--------------------------------------------------------
--  Ref Constraints for Table VENDEDOR
--------------------------------------------------------

  ALTER TABLE "VENDEDOR" ADD CONSTRAINT "VENDEDOR_COD_COMUNA_FK" FOREIGN KEY ("CODCOMUNA")
	  REFERENCES "COMUNA" ("CODCOMUNA") ENABLE;
	  
commit;	  
